rank,title,egg_index_raw,cumulative_viewers_raw,release_info_raw,age_rating,poster_url,crawled_at,source_url
1,오디세이,98,976.8만,,15세 관람가,https://cdn.cgv.co.kr/cgvpomsfilm/Movie/Thumbnail/Poster/030001/30001323/30001323_320.jpg,2026-09-06 12:36:47,https://cgv.co.kr/cnm/cgvChart/movieChart?tabParam=144
2,스파이더맨-브랜드 뉴 데이,97,873.7만,,12세 관람가,https://cdn.cgv.co.kr/cgvpomsfilm/Movie/Thumbnail/Poster/030001/30001192/30001192_320.jpg,2026-09-06 12:36:47,https://cgv.co.kr/cnm/cgvChart/movieChart?tabParam=144
3,인턴,,,2026.09.16 개봉,12세 관람가,https://cdn.cgv.co.kr/cgvpomsfilm/Movie/Thumbnail/Poster/030001/30001399/30001399_320.jpg,2026-09-06 12:36:47,https://cgv.co.kr/cnm/cgvChart/movieChart?tabParam=144
4,암살자(들),,,2026.09.23 개봉,12세 관람가,https://cdn.cgv.co.kr/cgvpomsfilm/Movie/Thumbnail/Poster/030001/30001314/30001314_320.jpg,2026-09-06 12:36:47,https://cgv.co.kr/cnm/cgvChart/movieChart?tabParam=144
5,옵세션,94,13.3만,,청소년 관람불가,https://cdn.cgv.co.kr/cgvpomsfilm/Movie/Thumbnail/Poster/030001/30001420/30001420_320.jpg,2026-09-06 12:36:47,https://cgv.co.kr/cnm/cgvChart/movieChart?tabParam=144
6,호프,85,454만,,15세 관람가,https://cdn.cgv.co.kr/cgvpomsfilm/Movie/Thumbnail/Poster/030001/30001297/30001297_320.jpg,2026-09-06 12:36:47,https://cgv.co.kr/cnm/cgvChart/movieChart?tabParam=144
7,딥 워터,,,2026.09.09 개봉,15세 관람가,https://cdn.cgv.co.kr/cgvpomsfilm/Movie/Thumbnail/Poster/030001/30001353/30001353_320.jpg,2026-09-06 12:36:47,https://cgv.co.kr/cnm/cgvChart/movieChart?tabParam=144
8,이누야샤 극장판-시대를 초월한 마음,,,2026.09.09 개봉,12세 관람가,https://cdn.cgv.co.kr/cgvpomsfilm/Movie/Thumbnail/Poster/030001/30001449/30001449_320.jpg,2026-09-06 12:36:47,https://cgv.co.kr/cnm/cgvChart/movieChart?tabParam=144
9,경주기행,93,27.9만,,15세 관람가,https://cdn.cgv.co.kr/cgvpomsfilm/Movie/Thumbnail/Poster/030001/30001350/30001350_320.jpg,2026-09-06 12:36:47,https://cgv.co.kr/cnm/cgvChart/movieChart?tabParam=144
10,아이유 콘서트 - 더 골든 아워,,,2026.09.09 재개봉,전체 관람가,https://cdn.cgv.co.kr/cgvpomsfilm/Movie/Thumbnail/Poster/000087/87246/87246_320.jpg,2026-09-06 12:36:47,https://cgv.co.kr/cnm/cgvChart/movieChart?tabParam=144
11,비광,83,5.6만,,15세 관람가,https://cdn.cgv.co.kr/cgvpomsfilm/Movie/Thumbnail/Poster/030001/30001338/30001338_320.jpg,2026-09-06 12:36:47,https://cgv.co.kr/cnm/cgvChart/movieChart?tabParam=144
12,타짜-벨제붑의 노래,,,2026.09.23 개봉,청소년 관람불가,https://cdn.cgv.co.kr/cgvpomsfilm/Movie/Thumbnail/Poster/030001/30001342/30001342_320.jpg,2026-09-06 12:36:47,https://cgv.co.kr/cnm/cgvChart/movieChart?tabParam=144
13,싱 어게인,95,4.3만,,15세 관람가,https://cdn.cgv.co.kr/cgvpomsfilm/Movie/Thumbnail/Poster/030001/30001369/30001369_320.jpg,2026-09-06 12:36:47,https://cgv.co.kr/cnm/cgvChart/movieChart?tabParam=144
14,아이유 콘서트 - 더 위닝,,,2026.09.16 재개봉,전체 관람가,https://cdn.cgv.co.kr/cgvpomsfilm/Movie/Thumbnail/Poster/000089/89400/89400_320.jpg,2026-09-06 12:36:47,https://cgv.co.kr/cnm/cgvChart/movieChart?tabParam=144
15,사랑의 하츄핑-고래보석의 전설,98,85만,,전체 관람가,https://cdn.cgv.co.kr/cgvpomsfilm/Movie/Thumbnail/Poster/030001/30001045/30001045_320.jpg,2026-09-06 12:36:47,https://cgv.co.kr/cnm/cgvChart/movieChart?tabParam=144
16,더 드라마,,,2026.09.09 개봉,15세 관람가,https://cdn.cgv.co.kr/cgvpomsfilm/Movie/Thumbnail/Poster/030001/30001377/30001377_320.jpg,2026-09-06 12:36:47,https://cgv.co.kr/cnm/cgvChart/movieChart?tabParam=144
17,모모와 다락방의 수상한 요괴들,95,30.8만,,전체 관람가,https://cdn.cgv.co.kr/cgvpomsfilm/Movie/Thumbnail/Poster/000076/76431/76431_320.jpg,2026-09-06 12:36:47,https://cgv.co.kr/cnm/cgvChart/movieChart?tabParam=144
18,사탄탱고,,,2026.09.16 개봉,15세 관람가,https://cdn.cgv.co.kr/cgvpomsfilm/Movie/Thumbnail/Poster/030001/30001510/30001510_320.jpg,2026-09-06 12:36:47,https://cgv.co.kr/cnm/cgvChart/movieChart?tabParam=144
19,핵소 고지,97,18.4만,,15세 관람가,https://cdn.cgv.co.kr/cgvpomsfilm/Movie/Thumbnail/Poster/000079/79446/79446_320.jpg,2026-09-06 12:36:47,https://cgv.co.kr/cnm/cgvChart/movieChart?tabParam=144
20,명탐정 코난-하이웨이의 타천사,92,41.7만,,12세 관람가,https://cdn.cgv.co.kr/cgvpomsfilm/Movie/Thumbnail/Poster/030001/30001326/30001326_320.jpg,2026-09-06 12:36:47,https://cgv.co.kr/cnm/cgvChart/movieChart?tabParam=144
21,마루 밑 아리에티,99,109.6만,,전체 관람가,https://cdn.cgv.co.kr/cgvpomsfilm/Movie/Thumbnail/Poster/030001/30001359/30001359_320.jpg,2026-09-06 12:36:47,https://cgv.co.kr/cnm/cgvChart/movieChart?tabParam=144
22,캐리어를 끄는 소녀,95,"3,585 ",,12세 관람가,https://cdn.cgv.co.kr/cgvpomsfilm/Movie/Thumbnail/Poster/030001/30001392/30001392_320.jpg,2026-09-06 12:36:47,https://cgv.co.kr/cnm/cgvChart/movieChart?tabParam=144
23,파묘,95,"1,191.4만",,15세 관람가,https://cdn.cgv.co.kr/cgvpomsfilm/Movie/Thumbnail/Poster/000088/88012/88012_320.jpg,2026-09-06 12:36:47,https://cgv.co.kr/cnm/cgvChart/movieChart?tabParam=144
24,위커 맨-파이널 컷,95,1.7만,,청소년 관람불가,https://cdn.cgv.co.kr/cgvpomsfilm/Movie/Thumbnail/Poster/030001/30001395/30001395_320.jpg,2026-09-06 12:36:47,https://cgv.co.kr/cnm/cgvChart/movieChart?tabParam=144
25,WANNA ONE GO in LA,99,0 ,,15세 관람가,https://cdn.cgv.co.kr/cgvpomsfilm/Movie/Thumbnail/Poster/030001/30001416/30001416_320.jpg,2026-09-06 12:36:47,https://cgv.co.kr/cnm/cgvChart/movieChart?tabParam=144
26,오크 스트리트의 마지막 날,87,12.8만,,12세 관람가,https://cdn.cgv.co.kr/cgvpomsfilm/Movie/Thumbnail/Poster/030001/30001389/30001389_320.jpg,2026-09-06 12:36:47,https://cgv.co.kr/cnm/cgvChart/movieChart?tabParam=144
27,드라큘라-러브 테일,90,1.5만,,15세 관람가,https://cdn.cgv.co.kr/cgvpomsfilm/Movie/Thumbnail/Poster/030001/30001311/30001311_320.jpg,2026-09-06 12:36:47,https://cgv.co.kr/cnm/cgvChart/movieChart?tabParam=144
28,신극장판 은혼-요시와라 대염상,,,2026.09.09 재개봉,15세 관람가,https://cdn.cgv.co.kr/cgvpomsfilm/Movie/Thumbnail/Poster/030001/30001088/30001088_320.jpg,2026-09-06 12:36:47,https://cgv.co.kr/cnm/cgvChart/movieChart?tabParam=144
29,퍼피 구조대-더 다이노 무비,98,10.8만,,전체 관람가,https://cdn.cgv.co.kr/cgvpomsfilm/Movie/Thumbnail/Poster/030001/30001288/30001288_320.jpg,2026-09-06 12:36:47,https://cgv.co.kr/cnm/cgvChart/movieChart?tabParam=144
30,리틀 드래곤-몬스터섬의 비밀,,,2026.09.09 개봉,전체 관람가,https://cdn.cgv.co.kr/cgvpomsfilm/Movie/Thumbnail/Poster/030001/30001344/30001344_320.jpg,2026-09-06 12:36:47,https://cgv.co.kr/cnm/cgvChart/movieChart?tabParam=144
31,사진의 얼굴,95,"2,833 ",,12세 관람가,https://cdn.cgv.co.kr/cgvpomsfilm/Movie/Thumbnail/Poster/030001/30001379/30001379_320.jpg,2026-09-06 12:36:47,https://cgv.co.kr/cnm/cgvChart/movieChart?tabParam=144
32,곤지암,79,268.9만,,15세 관람가,https://cdn.cgv.co.kr/cgvpomsfilm/Movie/Thumbnail/Poster/000080/80557/80557_320.jpg,2026-09-06 12:36:47,https://cgv.co.kr/cnm/cgvChart/movieChart?tabParam=144
33,극장판 귀멸의 칼날-무한성편,96,582.7만,,15세 관람가,https://cdn.cgv.co.kr/cgvpomsfilm/Movie/Thumbnail/Poster/000089/89833/89833_320.jpg,2026-09-06 12:36:47,https://cgv.co.kr/cnm/cgvChart/movieChart?tabParam=144
34,어떻게 해야 했을까,97,9.6만,,12세 관람가,https://cdn.cgv.co.kr/cgvpomsfilm/Movie/Thumbnail/Poster/030001/30001329/30001329_320.jpg,2026-09-06 12:36:47,https://cgv.co.kr/cnm/cgvChart/movieChart?tabParam=144
35,산산조각,90,"3,581 ",,전체 관람가,https://cdn.cgv.co.kr/cgvpomsfilm/Movie/Thumbnail/Poster/030001/30001401/30001401_320.jpg,2026-09-06 12:36:47,https://cgv.co.kr/cnm/cgvChart/movieChart?tabParam=144
36,살목지,88,324만,,15세 관람가,https://cdn.cgv.co.kr/cgvpomsfilm/Movie/Thumbnail/Poster/030001/30001042/30001042_320.jpg,2026-09-06 12:36:47,https://cgv.co.kr/cnm/cgvChart/movieChart?tabParam=144
37,아가미,,,2026.09.09 개봉,15세 관람가,https://cdn.cgv.co.kr/cgvpomsfilm/Movie/Thumbnail/Poster/030001/30001417/30001417_320.jpg,2026-09-06 12:36:47,https://cgv.co.kr/cnm/cgvChart/movieChart?tabParam=144
38,오케이 마담2,77,34만,,15세 관람가,https://cdn.cgv.co.kr/cgvpomsfilm/Movie/Thumbnail/Poster/030001/30001325/30001325_320.jpg,2026-09-06 12:36:47,https://cgv.co.kr/cnm/cgvChart/movieChart?tabParam=144
39,터치드 콘서트 [하이라이트 포] - 더 무비,99,"5,138 ",,전체 관람가,https://cdn.cgv.co.kr/cgvpomsfilm/Movie/Thumbnail/Poster/030001/30001382/30001382_320.jpg,2026-09-06 12:36:47,https://cgv.co.kr/cnm/cgvChart/movieChart?tabParam=144
40,스파이의 아내,93,1.2만,,12세 관람가,https://cdn.cgv.co.kr/cgvpomsfilm/Movie/Thumbnail/Poster/000084/84435/84435_320.jpg,2026-09-06 12:36:47,https://cgv.co.kr/cnm/cgvChart/movieChart?tabParam=144
41,알파,,,2026.09.30 개봉,15세 관람가,https://cdn.cgv.co.kr/cgvpomsfilm/Movie/Thumbnail/Poster/030001/30001453/30001453_320.jpg,2026-09-06 12:36:47,https://cgv.co.kr/cnm/cgvChart/movieChart?tabParam=144
42,인시디어스-그들이 넘어왔다,90,15.7만,,15세 관람가,https://cdn.cgv.co.kr/cgvpomsfilm/Movie/Thumbnail/Poster/030001/30001222/30001222_320.jpg,2026-09-06 12:36:47,https://cgv.co.kr/cnm/cgvChart/movieChart?tabParam=144
43,2026 LCK 플레이오프 패자조 3R T1 vs Dplus Kia,,0 ,,12세 관람가,https://cdn.cgv.co.kr/cgvpomsfilm/Movie/Thumbnail/Poster/030001/30001460/30001460_320.png,2026-09-06 12:36:47,https://cgv.co.kr/cnm/cgvChart/movieChart?tabParam=144
44,파라노만,94,1.8만,,12세 관람가,https://cdn.cgv.co.kr/cgvpomsfilm/Movie/Thumbnail/Poster/000076/76813/76813_320.jpg,2026-09-06 12:36:47,https://cgv.co.kr/cnm/cgvChart/movieChart?tabParam=144
45,델마,91,"9,247 ",,15세 관람가,https://cdn.cgv.co.kr/cgvpomsfilm/Movie/Thumbnail/Poster/000080/80923/80923_320.jpg,2026-09-06 12:36:47,https://cgv.co.kr/cnm/cgvChart/movieChart?tabParam=144
46,애정만세,86,1.2만,,15세 관람가,https://cdn.cgv.co.kr/cgvpomsfilm/Movie/Thumbnail/Poster/030001/30001354/30001354_320.jpg,2026-09-06 12:36:47,https://cgv.co.kr/cnm/cgvChart/movieChart?tabParam=144
47,파뿌리 24- 좀비 아일랜드,99,"2,209 ",,12세 관람가,https://cdn.cgv.co.kr/cgvpomsfilm/Movie/Thumbnail/Poster/030001/30001302/30001302_320.png,2026-09-06 12:36:47,https://cgv.co.kr/cnm/cgvChart/movieChart?tabParam=144
48,2026 KBO 리그 - 삼성 라이온즈 vs LG 트윈스,,0 ,,전체 관람가,https://cdn.cgv.co.kr/cgvpomsfilm/Movie/Thumbnail/Poster/030001/30001456/30001456_320.jpg,2026-09-06 12:36:47,https://cgv.co.kr/cnm/cgvChart/movieChart?tabParam=144
49,도그 스타-마지막 희망,92,1.5만,,15세 관람가,https://cdn.cgv.co.kr/cgvpomsfilm/Movie/Thumbnail/Poster/030001/30001352/30001352_320.jpg,2026-09-06 12:36:47,https://cgv.co.kr/cnm/cgvChart/movieChart?tabParam=144
50,콘크리트 녹색섬,98,"3,322 ",,전체 관람가,https://cdn.cgv.co.kr/cgvpomsfilm/Movie/Thumbnail/Poster/030001/30001362/30001362_320.jpg,2026-09-06 12:36:47,https://cgv.co.kr/cnm/cgvChart/movieChart?tabParam=144
51,파파조라 더 무비,99,"1,038 ",,전체 관람가,https://cdn.cgv.co.kr/cgvpomsfilm/Movie/Thumbnail/Poster/030001/30001364/30001364_320.jpg,2026-09-06 12:36:47,https://cgv.co.kr/cnm/cgvChart/movieChart?tabParam=144
52,"97 혜자, 표류기",,,2026.09.09 개봉,15세 관람가,https://cdn.cgv.co.kr/cgvpomsfilm/Movie/Thumbnail/Poster/030001/30001419/30001419_320.jpg,2026-09-06 12:36:47,https://cgv.co.kr/cnm/cgvChart/movieChart?tabParam=144
53,고양이를 놓아줘,79,"3,137 ",,12세 관람가,https://cdn.cgv.co.kr/cgvpomsfilm/Movie/Thumbnail/Poster/030001/30001393/30001393_320.jpg,2026-09-06 12:36:47,https://cgv.co.kr/cnm/cgvChart/movieChart?tabParam=144
54,귀향-언니야 이제 집에 가자,96,"4,199 ",,15세 관람가,https://cdn.cgv.co.kr/cgvpomsfilm/Movie/Thumbnail/Poster/030001/30001368/30001368_320.jpg,2026-09-06 12:36:47,https://cgv.co.kr/cnm/cgvChart/movieChart?tabParam=144
55,네 얼굴로는 울 수 없어,,,2026.09.09 개봉,12세 관람가,https://cdn.cgv.co.kr/cgvpomsfilm/Movie/Thumbnail/Poster/030001/30001366/30001366_320.jpg,2026-09-06 12:36:47,https://cgv.co.kr/cnm/cgvChart/movieChart?tabParam=144
56,담요를 입은 사람,,,2026.09.09 재개봉,12세 관람가,https://cdn.cgv.co.kr/cgvpomsfilm/Movie/Thumbnail/Poster/000089/89029/89029_320.jpg,2026-09-06 12:36:47,https://cgv.co.kr/cnm/cgvChart/movieChart?tabParam=144
57,말하지 않은 것들,99,634 ,,청소년 관람불가,https://cdn.cgv.co.kr/cgvpomsfilm/Movie/Thumbnail/Poster/030001/30001441/30001441_320.jpg,2026-09-06 12:36:47,https://cgv.co.kr/cnm/cgvChart/movieChart?tabParam=144
58,몽상가들,93,4.9만,,청소년 관람불가,https://cdn.cgv.co.kr/cgvpomsfilm/Movie/Thumbnail/Poster/000077/77427/77427_320.jpg,2026-09-06 12:36:47,https://cgv.co.kr/cnm/cgvChart/movieChart?tabParam=144
59,무진연가,,280 ,,전체 관람가,https://cdn.cgv.co.kr/cgvpomsfilm/Movie/Thumbnail/Poster/030001/30001365/30001365_320.jpg,2026-09-06 12:36:47,https://cgv.co.kr/cnm/cgvChart/movieChart?tabParam=144
60,스탑 메이킹 센스,96,3.8만,,12세 관람가,https://cdn.cgv.co.kr/cgvpomsfilm/Movie/Thumbnail/Poster/000089/89870/89870_320.jpg,2026-09-06 12:36:47,https://cgv.co.kr/cnm/cgvChart/movieChart?tabParam=144
61,스파이에어 저스트 라이크 디스 2025,99,"1,360 ",,전체 관람가,https://cdn.cgv.co.kr/cgvpomsfilm/Movie/Thumbnail/Poster/030001/30001421/30001421_320.jpg,2026-09-06 12:36:47,https://cgv.co.kr/cnm/cgvChart/movieChart?tabParam=144
62,"올공, 2030 나라를 살리다",,,2026.09.09 개봉,12세 관람가,https://cdn.cgv.co.kr/cgvpomsfilm/Movie/Thumbnail/Poster/030001/30001508/30001508_320.jpg,2026-09-06 12:36:47,https://cgv.co.kr/cnm/cgvChart/movieChart?tabParam=144
63,제22회 서울인디애니페스트2026 독립보행1,,,2026.09.19 개봉,12세 관람가,https://cdn.cgv.co.kr/cgvpomsfilm/Movie/Thumbnail/Poster/030001/30001487/30001487_320.jpg,2026-09-06 12:36:47,https://cgv.co.kr/cnm/cgvChart/movieChart?tabParam=144
64,제22회 서울인디애니페스트2026 독립보행3,,,2026.09.20 개봉,15세 관람가,https://cdn.cgv.co.kr/cgvpomsfilm/Movie/Thumbnail/Poster/030001/30001489/30001489_320.jpg,2026-09-06 12:36:47,https://cgv.co.kr/cnm/cgvChart/movieChart?tabParam=144
65,제22회 서울인디애니페스트2026 미리내로3-직장인 체육대회,,,2026.09.19 개봉,12세 관람가,https://cdn.cgv.co.kr/cgvpomsfilm/Movie/Thumbnail/Poster/030001/30001499/30001499_320.jpg,2026-09-06 12:36:47,https://cgv.co.kr/cnm/cgvChart/movieChart?tabParam=144
66,제22회 서울인디애니페스트2026 새벽비행1,,,2026.09.19 개봉,전체 관람가,https://cdn.cgv.co.kr/cgvpomsfilm/Movie/Thumbnail/Poster/030001/30001490/30001490_320.jpg,2026-09-06 12:36:47,https://cgv.co.kr/cnm/cgvChart/movieChart?tabParam=144
67,제22회 서울인디애니페스트2026 새벽비행2,,,2026.09.19 개봉,12세 관람가,https://cdn.cgv.co.kr/cgvpomsfilm/Movie/Thumbnail/Poster/030001/30001491/30001491_320.jpg,2026-09-06 12:36:47,https://cgv.co.kr/cnm/cgvChart/movieChart?tabParam=144
68,트루먼의 사랑,65,"1,325 ",,12세 관람가,https://cdn.cgv.co.kr/cgvpomsfilm/Movie/Thumbnail/Poster/030001/30001361/30001361_320.jpg,2026-09-06 12:36:47,https://cgv.co.kr/cnm/cgvChart/movieChart?tabParam=144
69,프랙티컬 매직-새로운 챕터,,,2026.09.09 개봉,12세 관람가,https://cdn.cgv.co.kr/cgvpomsfilm/Movie/Thumbnail/Poster/030001/30001443/30001443_320.jpg,2026-09-06 12:36:47,https://cgv.co.kr/cnm/cgvChart/movieChart?tabParam=144
70,환희의 얼굴,,,2026.09.09 개봉,12세 관람가,https://cdn.cgv.co.kr/cgvpomsfilm/Movie/Thumbnail/Poster/030001/30001398/30001398_320.jpg,2026-09-06 12:36:47,https://cgv.co.kr/cnm/cgvChart/movieChart?tabParam=144
71,(라이브뷰잉) 프로젝트 세카이 6주년 감사제,,,2026.10.03 개봉,전체 관람가,https://cdn.cgv.co.kr/cgvpomsfilm/Movie/Thumbnail/Poster/030001/30001469/30001469_320.jpg,2026-09-06 12:36:47,https://cgv.co.kr/cnm/cgvChart/movieChart?tabParam=144
72,2026 KBO 리그 - 두산 베어스 vs SSG 랜더스,,0 ,,전체 관람가,https://cdn.cgv.co.kr/cgvpomsfilm/Movie/Thumbnail/Poster/030001/30001457/30001457_320.jpg,2026-09-06 12:36:47,https://cgv.co.kr/cnm/cgvChart/movieChart?tabParam=144
73,2026 LCK 결승전 TBD vs TBD,,,2026.09.13 개봉,12세 관람가,https://cdn.cgv.co.kr/cgvpomsfilm/Movie/Thumbnail/Poster/030001/30001462/30001462_320.png,2026-09-06 12:36:47,https://cgv.co.kr/cnm/cgvChart/movieChart?tabParam=144
74,2026 LCK 플레이오프 패자조 4R TBD vs TBD,,,2026.09.12 개봉,12세 관람가,https://cdn.cgv.co.kr/cgvpomsfilm/Movie/Thumbnail/Poster/030001/30001461/30001461_320.png,2026-09-06 12:36:47,https://cgv.co.kr/cnm/cgvChart/movieChart?tabParam=144
75,가능주의자,97,"1,304 ",,12세 관람가,https://cdn.cgv.co.kr/cgvpomsfilm/Movie/Thumbnail/Poster/030001/30001272/30001272_320.jpg,2026-09-06 12:36:47,https://cgv.co.kr/cnm/cgvChart/movieChart?tabParam=144
76,그림자 아이,77,"6,470 ",,15세 관람가,https://cdn.cgv.co.kr/cgvpomsfilm/Movie/Thumbnail/Poster/030001/30001257/30001257_320.jpg,2026-09-06 12:36:47,https://cgv.co.kr/cnm/cgvChart/movieChart?tabParam=144
77,다윗,94,31.2만,,전체 관람가,https://cdn.cgv.co.kr/cgvpomsfilm/Movie/Thumbnail/Poster/030001/30001090/30001090_320.jpg,2026-09-06 12:36:47,https://cgv.co.kr/cnm/cgvChart/movieChart?tabParam=144
78,드로스테 저편의 우리들,96,"1,373 ",,12세 관람가,https://cdn.cgv.co.kr/cgvpomsfilm/Movie/Thumbnail/Poster/030001/30001363/30001363_320.jpg,2026-09-06 12:36:47,https://cgv.co.kr/cnm/cgvChart/movieChart?tabParam=144
79,리틀 드리머즈,95,"3,089 ",,12세 관람가,https://cdn.cgv.co.kr/cgvpomsfilm/Movie/Thumbnail/Poster/030001/30001343/30001343_320.jpg,2026-09-06 12:36:47,https://cgv.co.kr/cnm/cgvChart/movieChart?tabParam=144
80,미명,82,"1,570 ",,15세 관람가,https://cdn.cgv.co.kr/cgvpomsfilm/Movie/Thumbnail/Poster/030001/30001283/30001283_320.jpg,2026-09-06 12:36:47,https://cgv.co.kr/cnm/cgvChart/movieChart?tabParam=144
81,빈집의 연인들,86,"2,259 ",,15세 관람가,https://cdn.cgv.co.kr/cgvpomsfilm/Movie/Thumbnail/Poster/030001/30001351/30001351_320.jpg,2026-09-06 12:36:47,https://cgv.co.kr/cnm/cgvChart/movieChart?tabParam=144
82,산양들,93,"6,559 ",,12세 관람가,https://cdn.cgv.co.kr/cgvpomsfilm/Movie/Thumbnail/Poster/030001/30001313/30001313_320.jpg,2026-09-06 12:36:47,https://cgv.co.kr/cnm/cgvChart/movieChart?tabParam=144
83,스틸레이,,,2026.10.14 개봉,12세 관람가,https://cdn.cgv.co.kr/cgvpomsfilm/Movie/Thumbnail/Poster/030001/30001471/30001471_320.jpg,2026-09-06 12:36:47,https://cgv.co.kr/cnm/cgvChart/movieChart?tabParam=144
84,신사-악귀의 속삭임,61,4.7만,,15세 관람가,https://cdn.cgv.co.kr/cgvpomsfilm/Movie/Thumbnail/Poster/030001/30001221/30001221_320.jpg,2026-09-06 12:36:47,https://cgv.co.kr/cnm/cgvChart/movieChart?tabParam=144
85,연옥-살인마들의 자치구역,,,2026.09.09 개봉,청소년 관람불가,https://cdn.cgv.co.kr/cgvpomsfilm/Movie/Thumbnail/Poster/030001/30001371/30001371_320.jpg,2026-09-06 12:36:47,https://cgv.co.kr/cnm/cgvChart/movieChart?tabParam=144
86,정뱅이,,"3,138 ",,전체 관람가,https://cdn.cgv.co.kr/cgvpomsfilm/Movie/Thumbnail/Poster/030001/30001207/30001207_320.jpg,2026-09-06 12:36:47,https://cgv.co.kr/cnm/cgvChart/movieChart?tabParam=144
87,제22회 서울인디애니페스트2026 ITFS 베스트 네이처 애니메이션,,,2026.09.19 개봉,12세 관람가,https://cdn.cgv.co.kr/cgvpomsfilm/Movie/Thumbnail/Poster/030001/30001504/30001504_320.jpg,2026-09-06 12:36:47,https://cgv.co.kr/cnm/cgvChart/movieChart?tabParam=144
88,제22회 서울인디애니페스트2026 개막섹션 두루두루-한국애니메이션쇼케이스,,,2026.09.17 개봉,전체 관람가,https://cdn.cgv.co.kr/cgvpomsfilm/Movie/Thumbnail/Poster/030001/30001486/30001486_320.jpg,2026-09-06 12:36:47,https://cgv.co.kr/cnm/cgvChart/movieChart?tabParam=144
89,제22회 서울인디애니페스트2026 김보솔의 밀실과 광장,,,2026.09.20 개봉,12세 관람가,https://cdn.cgv.co.kr/cgvpomsfilm/Movie/Thumbnail/Poster/030001/30001502/30001502_320.jpg,2026-09-06 12:36:47,https://cgv.co.kr/cnm/cgvChart/movieChart?tabParam=144
90,제22회 서울인디애니페스트2026 독립보행2,,,2026.09.20 개봉,12세 관람가,https://cdn.cgv.co.kr/cgvpomsfilm/Movie/Thumbnail/Poster/030001/30001488/30001488_320.jpg,2026-09-06 12:36:47,https://cgv.co.kr/cnm/cgvChart/movieChart?tabParam=144
91,제22회 서울인디애니페스트2026 랜선비행,,,2026.09.19 개봉,전체 관람가,https://cdn.cgv.co.kr/cgvpomsfilm/Movie/Thumbnail/Poster/030001/30001492/30001492_320.jpg,2026-09-06 12:36:47,https://cgv.co.kr/cnm/cgvChart/movieChart?tabParam=144
92,제22회 서울인디애니페스트2026 미리내로1-작은 곤충들의 큰 모험,,,2026.09.19 개봉,전체 관람가,https://cdn.cgv.co.kr/cgvpomsfilm/Movie/Thumbnail/Poster/030001/30001497/30001497_320.jpg,2026-09-06 12:36:47,https://cgv.co.kr/cnm/cgvChart/movieChart?tabParam=144
93,제22회 서울인디애니페스트2026 미리내로2-자자 자투나,,,2026.09.19 개봉,15세 관람가,https://cdn.cgv.co.kr/cgvpomsfilm/Movie/Thumbnail/Poster/030001/30001498/30001498_320.jpg,2026-09-06 12:36:47,https://cgv.co.kr/cnm/cgvChart/movieChart?tabParam=144
94,제22회 서울인디애니페스트2026 아시아 파노라마-돌연변이와 산다,,,2026.09.19 개봉,청소년 관람불가,https://cdn.cgv.co.kr/cgvpomsfilm/Movie/Thumbnail/Poster/030001/30001501/30001501_320.jpg,2026-09-06 12:36:47,https://cgv.co.kr/cnm/cgvChart/movieChart?tabParam=144
95,제22회 서울인디애니페스트2026 아시아로1,,,2026.09.19 개봉,전체 관람가,https://cdn.cgv.co.kr/cgvpomsfilm/Movie/Thumbnail/Poster/030001/30001493/30001493_320.jpg,2026-09-06 12:36:47,https://cgv.co.kr/cnm/cgvChart/movieChart?tabParam=144
96,제22회 서울인디애니페스트2026 아시아로2,,,2026.09.20 개봉,전체 관람가,https://cdn.cgv.co.kr/cgvpomsfilm/Movie/Thumbnail/Poster/030001/30001494/30001494_320.jpg,2026-09-06 12:36:47,https://cgv.co.kr/cnm/cgvChart/movieChart?tabParam=144
97,제22회 서울인디애니페스트2026 아시아로3,,,2026.09.20 개봉,12세 관람가,https://cdn.cgv.co.kr/cgvpomsfilm/Movie/Thumbnail/Poster/030001/30001495/30001495_320.jpg,2026-09-06 12:36:47,https://cgv.co.kr/cnm/cgvChart/movieChart?tabParam=144
98,제22회 서울인디애니페스트2026 아시아로4,,,2026.09.19 개봉,12세 관람가,https://cdn.cgv.co.kr/cgvpomsfilm/Movie/Thumbnail/Poster/030001/30001496/30001496_320.jpg,2026-09-06 12:36:47,https://cgv.co.kr/cnm/cgvChart/movieChart?tabParam=144
99,제22회 서울인디애니페스트2026 추모 특별 상영-창백한 얼굴들,,,2026.09.18 개봉,12세 관람가,https://cdn.cgv.co.kr/cgvpomsfilm/Movie/Thumbnail/Poster/030001/30001507/30001507_320.jpg,2026-09-06 12:36:47,https://cgv.co.kr/cnm/cgvChart/movieChart?tabParam=144
100,제22회 서울인디애니페스트2026 토모키 미사토-천진난만한 영웅과 애잔한,,,2026.09.20 개봉,15세 관람가,https://cdn.cgv.co.kr/cgvpomsfilm/Movie/Thumbnail/Poster/030001/30001503/30001503_320.jpg,2026-09-06 12:36:47,https://cgv.co.kr/cnm/cgvChart/movieChart?tabParam=144
101,제22회 서울인디애니페스트2026 한국 파노라마-파란만장 종합미디어상가,,,2026.09.20 개봉,15세 관람가,https://cdn.cgv.co.kr/cgvpomsfilm/Movie/Thumbnail/Poster/030001/30001500/30001500_320.jpg,2026-09-06 12:36:47,https://cgv.co.kr/cnm/cgvChart/movieChart?tabParam=144
102,"청년 조용기-신을 저주하던 청년, 시대를 긋는 종이 되다",,,2026.09.11 개봉,전체 관람가,https://cdn.cgv.co.kr/cgvpomsfilm/Movie/Thumbnail/Poster/030001/30001333/30001333_320.jpg,2026-09-06 12:36:47,https://cgv.co.kr/cnm/cgvChart/movieChart?tabParam=144
103,카를로비바리,,,2026.09.09 개봉,15세 관람가,https://cdn.cgv.co.kr/cgvpomsfilm/Movie/Thumbnail/Poster/030001/30001412/30001412_320.jpg,2026-09-06 12:36:47,https://cgv.co.kr/cnm/cgvChart/movieChart?tabParam=144
104,파리의 사생활,92,1만,,15세 관람가,https://cdn.cgv.co.kr/cgvpomsfilm/Movie/Thumbnail/Poster/030001/30001275/30001275_320.jpg,2026-09-06 12:36:47,https://cgv.co.kr/cnm/cgvChart/movieChart?tabParam=144
105,퍼펙트슛,,,2026.09.09 개봉,전체 관람가,https://cdn.cgv.co.kr/cgvpomsfilm/Movie/Thumbnail/Poster/030001/30001454/30001454_320.jpg,2026-09-06 12:36:47,https://cgv.co.kr/cnm/cgvChart/movieChart?tabParam=144
106,현재를 위하여,81,"2,270 ",,15세 관람가,https://cdn.cgv.co.kr/cgvpomsfilm/Movie/Thumbnail/Poster/030001/30001267/30001267_320.jpg,2026-09-06 12:36:47,https://cgv.co.kr/cnm/cgvChart/movieChart?tabParam=144
