rank,title,egg_index,cumulative_viewers_count,is_re_release,release_date,age_rating,poster_url,crawled_at,source_url
1,오디세이,98%,382.1만,개봉,,15세 관람가,https://cdn.cgv.co.kr/cgvpomsfilm/Movie/Thumbnail/Poster/030001/30001323/30001323_320.jpg,2026-08-16 21:12:06,https://cgv.co.kr/cnm/cgvChart/movieChart?tabParam=144
2,스파이더맨-브랜드 뉴 데이,97%,696.5만,개봉,,12세 관람가,https://cdn.cgv.co.kr/cgvpomsfilm/Movie/Thumbnail/Poster/030001/30001192/30001192_320.jpg,2026-08-16 21:12:06,https://cgv.co.kr/cnm/cgvChart/movieChart?tabParam=144
3,명탐정 코난-하이웨이의 타천사,93%,18.4만,개봉,,12세 관람가,https://cdn.cgv.co.kr/cgvpomsfilm/Movie/Thumbnail/Poster/030001/30001326/30001326_320.jpg,2026-08-16 21:12:06,https://cgv.co.kr/cnm/cgvChart/movieChart?tabParam=144
4,오케이 마담2,77%,15.7만,개봉,,15세 관람가,https://cdn.cgv.co.kr/cgvpomsfilm/Movie/Thumbnail/Poster/030001/30001325/30001325_320.jpg,2026-08-16 21:12:06,https://cgv.co.kr/cnm/cgvChart/movieChart?tabParam=144
5,사랑의 하츄핑-고래보석의 전설,97%,57.5만,개봉,,전체 관람가,https://cdn.cgv.co.kr/cgvpomsfilm/Movie/Thumbnail/Poster/030001/30001045/30001045_320.jpg,2026-08-16 21:12:06,https://cgv.co.kr/cnm/cgvChart/movieChart?tabParam=144
6,마루 밑 아리에티,,,재개봉,2026-08-19,전체 관람가,https://cdn.cgv.co.kr/cgvpomsfilm/Movie/Thumbnail/Poster/030001/30001359/30001359_320.jpg,2026-08-16 21:12:06,https://cgv.co.kr/cnm/cgvChart/movieChart?tabParam=144
7,퍼피 구조대-더 다이노 무비,99%,2.9만,개봉,,전체 관람가,https://cdn.cgv.co.kr/cgvpomsfilm/Movie/Thumbnail/Poster/030001/30001288/30001288_320.jpg,2026-08-16 21:12:06,https://cgv.co.kr/cnm/cgvChart/movieChart?tabParam=144
8,에이티즈 - 라이트 더 웨이 인 시네마,,,개봉예정,2026-08-19,전체 관람가,https://cdn.cgv.co.kr/cgvpomsfilm/Movie/Thumbnail/Poster/030001/30001348/30001348_320.jpg,2026-08-16 21:12:06,https://cgv.co.kr/cnm/cgvChart/movieChart?tabParam=144
9,호프,85%,446만,개봉,,15세 관람가,https://cdn.cgv.co.kr/cgvpomsfilm/Movie/Thumbnail/Poster/030001/30001297/30001297_320.jpg,2026-08-16 21:12:06,https://cgv.co.kr/cnm/cgvChart/movieChart?tabParam=144
10,어떻게 해야 했을까,97%,6.5만,개봉,,12세 관람가,https://cdn.cgv.co.kr/cgvpomsfilm/Movie/Thumbnail/Poster/030001/30001329/30001329_320.jpg,2026-08-16 21:12:06,https://cgv.co.kr/cnm/cgvChart/movieChart?tabParam=144
11,BOYNEXTDOOR TOUR 'KNOCK ON Vol.2' IN JAPAN,,,개봉예정,2026-08-29,전체 관람가,https://cdn.cgv.co.kr/cgvpomsfilm/Movie/Thumbnail/Poster/030001/30001394/30001394_320.jpg,2026-08-16 21:12:06,https://cgv.co.kr/cnm/cgvChart/movieChart?tabParam=144
12,터치드 콘서트 [하이라이트 포] - 더 무비,,,개봉예정,2026-08-26,전체 관람가,https://cdn.cgv.co.kr/cgvpomsfilm/Movie/Thumbnail/Poster/030001/30001382/30001382_320.jpg,2026-08-16 21:12:06,https://cgv.co.kr/cnm/cgvChart/movieChart?tabParam=144
13,(라이브뷰잉)IDOLiSH7 VISIBLIVE TOUR '4WARD JOURNEY' Live Viewing,,,개봉예정,2026-08-22,전체 관람가,https://cdn.cgv.co.kr/cgvpomsfilm/Movie/Thumbnail/Poster/030001/30001373/30001373_320.jpg,2026-08-16 21:12:06,https://cgv.co.kr/cnm/cgvChart/movieChart?tabParam=144
14,경주기행,,,개봉예정,2026-08-26,15세 관람가,https://cdn.cgv.co.kr/cgvpomsfilm/Movie/Thumbnail/Poster/030001/30001350/30001350_320.jpg,2026-08-16 21:12:06,https://cgv.co.kr/cnm/cgvChart/movieChart?tabParam=144
15,인시디어스-그들이 넘어왔다,,,개봉예정,2026-08-20,15세 관람가,https://cdn.cgv.co.kr/cgvpomsfilm/Movie/Thumbnail/Poster/030001/30001222/30001222_320.jpg,2026-08-16 21:12:06,https://cgv.co.kr/cnm/cgvChart/movieChart?tabParam=144
16,위커 맨-파이널 컷,,,개봉예정,2026-08-19,청소년 관람불가,https://cdn.cgv.co.kr/cgvpomsfilm/Movie/Thumbnail/Poster/030001/30001395/30001395_320.jpg,2026-08-16 21:12:06,https://cgv.co.kr/cnm/cgvChart/movieChart?tabParam=144
17,몽상가들,92%,4.5만,개봉,,청소년 관람불가,https://cdn.cgv.co.kr/cgvpomsfilm/Movie/Thumbnail/Poster/000077/77427/77427_320.jpg,2026-08-16 21:12:06,https://cgv.co.kr/cnm/cgvChart/movieChart?tabParam=144
18,애정만세,82%,"5,946",개봉,,15세 관람가,https://cdn.cgv.co.kr/cgvpomsfilm/Movie/Thumbnail/Poster/030001/30001354/30001354_320.jpg,2026-08-16 21:12:06,https://cgv.co.kr/cnm/cgvChart/movieChart?tabParam=144
19,백룸-익스텐디드 컷,,,개봉예정,2026-08-19,15세 관람가,https://cdn.cgv.co.kr/cgvpomsfilm/Movie/Thumbnail/Poster/030001/30001439/30001439_320.jpg,2026-08-16 21:12:06,https://cgv.co.kr/cnm/cgvChart/movieChart?tabParam=144
20,코렐라인,97%,43.2만,개봉,,12세 관람가,https://cdn.cgv.co.kr/cgvpomsfilm/Movie/Thumbnail/Poster/030000/30000178/30000178_320.jpg,2026-08-16 21:12:06,https://cgv.co.kr/cnm/cgvChart/movieChart?tabParam=144
21,파라노만,,,재개봉,2026-08-26,12세 관람가,https://cdn.cgv.co.kr/cgvpomsfilm/Movie/Thumbnail/Poster/000076/76813/76813_320.jpg,2026-08-16 21:12:06,https://cgv.co.kr/cnm/cgvChart/movieChart?tabParam=144
22,기동전사 건담 역습의 샤아,97%,2.5만,개봉,,12세 관람가,https://cdn.cgv.co.kr/cgvpomsfilm/Movie/Thumbnail/Poster/030001/30001099/30001099_320.jpg,2026-08-16 21:12:06,https://cgv.co.kr/cnm/cgvChart/movieChart?tabParam=144
23,기동전사 건담-섬광의 하사웨이 키르케의 마녀,92%,4.6만,개봉,,15세 관람가,https://cdn.cgv.co.kr/cgvpomsfilm/Movie/Thumbnail/Poster/030001/30001083/30001083_320.jpg,2026-08-16 21:12:06,https://cgv.co.kr/cnm/cgvChart/movieChart?tabParam=144
24,핵소 고지,,,재개봉,2026-09-02,15세 관람가,https://cdn.cgv.co.kr/cgvpomsfilm/Movie/Thumbnail/Poster/000079/79446/79446_320.jpg,2026-08-16 21:12:06,https://cgv.co.kr/cnm/cgvChart/movieChart?tabParam=144
25,기동전사 건담 Ⅱ 애전사,,,개봉예정,2026-08-19,12세 관람가,https://cdn.cgv.co.kr/cgvpomsfilm/Movie/Thumbnail/Poster/030001/30001403/30001403_320.jpg,2026-08-16 21:12:06,https://cgv.co.kr/cnm/cgvChart/movieChart?tabParam=144
26,기동전사 건담 Ⅲ 만남의 우주,,,개봉예정,2026-08-19,12세 관람가,https://cdn.cgv.co.kr/cgvpomsfilm/Movie/Thumbnail/Poster/030001/30001404/30001404_320.jpg,2026-08-16 21:12:06,https://cgv.co.kr/cnm/cgvChart/movieChart?tabParam=144
27,기동전사 건담Ⅰ,,,개봉예정,2026-08-19,12세 관람가,https://cdn.cgv.co.kr/cgvpomsfilm/Movie/Thumbnail/Poster/030001/30001402/30001402_320.jpg,2026-08-16 21:12:06,https://cgv.co.kr/cnm/cgvChart/movieChart?tabParam=144
28,모모와 다락방의 수상한 요괴들,,,재개봉,2026-09-02,전체 관람가,https://cdn.cgv.co.kr/cgvpomsfilm/Movie/Thumbnail/Poster/000076/76431/76431_320.jpg,2026-08-16 21:12:06,https://cgv.co.kr/cnm/cgvChart/movieChart?tabParam=144
29,기동전사 건담 F91,,"2,886",개봉,,12세 관람가,https://cdn.cgv.co.kr/cgvpomsfilm/Movie/Thumbnail/Poster/030001/30001406/30001406_320.jpg,2026-08-16 21:12:06,https://cgv.co.kr/cnm/cgvChart/movieChart?tabParam=144
30,기동전사 건담-섬광의 하사웨이,97%,"1,710",개봉,,15세 관람가,https://cdn.cgv.co.kr/cgvpomsfilm/Movie/Thumbnail/Poster/030001/30001113/30001113_320.jpg,2026-08-16 21:12:06,https://cgv.co.kr/cnm/cgvChart/movieChart?tabParam=144
31,마티 슈프림,91%,13.3만,개봉,,15세 관람가,https://cdn.cgv.co.kr/cgvpomsfilm/Movie/Thumbnail/Poster/030001/30001227/30001227_320.jpg,2026-08-16 21:12:06,https://cgv.co.kr/cnm/cgvChart/movieChart?tabParam=144
32,사진의 얼굴,,,개봉예정,2026-09-02,12세 관람가,https://cdn.cgv.co.kr/cgvpomsfilm/Movie/Thumbnail/Poster/030001/30001379/30001379_320.jpg,2026-08-16 21:12:06,https://cgv.co.kr/cnm/cgvChart/movieChart?tabParam=144
33,경멸,91%,1만,개봉,,15세 관람가,https://cdn.cgv.co.kr/cgvpomsfilm/Movie/Thumbnail/Poster/030001/30001320/30001320_320.jpg,2026-08-16 21:12:06,https://cgv.co.kr/cnm/cgvChart/movieChart?tabParam=144
34,기동전사 건담 쿠쿠루스 도안의 섬,,"2,052",개봉,,12세 관람가,https://cdn.cgv.co.kr/cgvpomsfilm/Movie/Thumbnail/Poster/030001/30001405/30001405_320.jpg,2026-08-16 21:12:06,https://cgv.co.kr/cnm/cgvChart/movieChart?tabParam=144
35,다윗,94%,29.5만,개봉,,전체 관람가,https://cdn.cgv.co.kr/cgvpomsfilm/Movie/Thumbnail/Poster/030001/30001090/30001090_320.jpg,2026-08-16 21:12:06,https://cgv.co.kr/cnm/cgvChart/movieChart?tabParam=144
36,데인저러스 애니멀스,93%,243,개봉,,청소년 관람불가,https://cdn.cgv.co.kr/cgvpomsfilm/Movie/Thumbnail/Poster/030001/30001381/30001381_320.jpg,2026-08-16 21:12:06,https://cgv.co.kr/cnm/cgvChart/movieChart?tabParam=144
37,드로스테 저편의 우리들,,,개봉예정,2026-08-19,12세 관람가,https://cdn.cgv.co.kr/cgvpomsfilm/Movie/Thumbnail/Poster/030001/30001363/30001363_320.jpg,2026-08-16 21:12:06,https://cgv.co.kr/cnm/cgvChart/movieChart?tabParam=144
38,라스트 키스,,,재개봉,2026-08-19,15세 관람가,https://cdn.cgv.co.kr/cgvpomsfilm/Movie/Thumbnail/Poster/030001/30001411/30001411_320.jpg,2026-08-16 21:12:06,https://cgv.co.kr/cnm/cgvChart/movieChart?tabParam=144
39,수련,,,개봉예정,2026-08-19,12세 관람가,https://cdn.cgv.co.kr/cgvpomsfilm/Movie/Thumbnail/Poster/030001/30001336/30001336_320.jpg,2026-08-16 21:12:06,https://cgv.co.kr/cnm/cgvChart/movieChart?tabParam=144
40,스탑 메이킹 센스,95%,3.7만,개봉,,12세 관람가,https://cdn.cgv.co.kr/cgvpomsfilm/Movie/Thumbnail/Poster/000089/89870/89870_320.jpg,2026-08-16 21:12:06,https://cgv.co.kr/cnm/cgvChart/movieChart?tabParam=144
41,시크릿 에이전트,92%,1.9만,개봉,,15세 관람가,https://cdn.cgv.co.kr/cgvpomsfilm/Movie/Thumbnail/Poster/030001/30001235/30001235_320.jpg,2026-08-16 21:12:06,https://cgv.co.kr/cnm/cgvChart/movieChart?tabParam=144
42,콘크리트 녹색섬,,,개봉예정,2026-08-19,전체 관람가,https://cdn.cgv.co.kr/cgvpomsfilm/Movie/Thumbnail/Poster/030001/30001362/30001362_320.jpg,2026-08-16 21:12:06,https://cgv.co.kr/cnm/cgvChart/movieChart?tabParam=144
43,큐어,93%,3.7만,개봉,,15세 관람가,https://cdn.cgv.co.kr/cgvpomsfilm/Movie/Thumbnail/Poster/000085/85857/85857_320.jpg,2026-08-16 21:12:06,https://cgv.co.kr/cnm/cgvChart/movieChart?tabParam=144
44,토이 스토리 5,97%,294.4만,개봉,,전체 관람가,https://cdn.cgv.co.kr/cgvpomsfilm/Movie/Thumbnail/Poster/030001/30001231/30001231_320.jpg,2026-08-16 21:12:06,https://cgv.co.kr/cnm/cgvChart/movieChart?tabParam=144
45,2026 KBO x CGV 야구의 날 뷰잉파티,,,개봉예정,2026-08-23,전체 관람가,https://cdn.cgv.co.kr/cgvpomsfilm/Movie/Thumbnail/Poster/030001/30001445/30001445_320.jpg,2026-08-16 21:12:06,https://cgv.co.kr/cnm/cgvChart/movieChart?tabParam=144
46,그림자 아이,77%,"6,348",개봉,,15세 관람가,https://cdn.cgv.co.kr/cgvpomsfilm/Movie/Thumbnail/Poster/030001/30001257/30001257_320.jpg,2026-08-16 21:12:06,https://cgv.co.kr/cnm/cgvChart/movieChart?tabParam=144
47,극장판 귀멸의 칼날-무한성편,,,재개봉,2026-08-26,15세 관람가,https://cdn.cgv.co.kr/cgvpomsfilm/Movie/Thumbnail/Poster/000089/89833/89833_320.jpg,2026-08-16 21:12:06,https://cgv.co.kr/cnm/cgvChart/movieChart?tabParam=144
48,너바나 더 밴드-전설적 밴드 너바나와는 별 관련 없는 너바나 더 밴드의 콤,93%,9.7만,개봉,,12세 관람가,https://cdn.cgv.co.kr/cgvpomsfilm/Movie/Thumbnail/Poster/030001/30001174/30001174_320.jpg,2026-08-16 21:12:06,https://cgv.co.kr/cnm/cgvChart/movieChart?tabParam=144
49,노이즈,86%,170.7만,개봉,,15세 관람가,https://cdn.cgv.co.kr/cgvpomsfilm/Movie/Thumbnail/Poster/000089/89717/89717_320.jpg,2026-08-16 21:12:06,https://cgv.co.kr/cnm/cgvChart/movieChart?tabParam=144
50,도그 스타-마지막 희망,,,개봉예정,2026-08-26,15세 관람가,https://cdn.cgv.co.kr/cgvpomsfilm/Movie/Thumbnail/Poster/030001/30001352/30001352_320.jpg,2026-08-16 21:12:06,https://cgv.co.kr/cnm/cgvChart/movieChart?tabParam=144
51,리멤버 미,,,개봉예정,2026-08-19,15세 관람가,https://cdn.cgv.co.kr/cgvpomsfilm/Movie/Thumbnail/Poster/030001/30001413/30001413_320.jpg,2026-08-16 21:12:06,https://cgv.co.kr/cnm/cgvChart/movieChart?tabParam=144
52,리틀 드리머즈,,,개봉예정,2026-08-19,12세 관람가,https://cdn.cgv.co.kr/cgvpomsfilm/Movie/Thumbnail/Poster/030001/30001343/30001343_320.jpg,2026-08-16 21:12:06,https://cgv.co.kr/cnm/cgvChart/movieChart?tabParam=144
53,백룸,85%,121.5만,개봉,,15세 관람가,https://cdn.cgv.co.kr/cgvpomsfilm/Movie/Thumbnail/Poster/030001/30001188/30001188_320.jpg,2026-08-16 21:12:06,https://cgv.co.kr/cnm/cgvChart/movieChart?tabParam=144
54,뱀의 길,90%,"4,848",개봉,,15세 관람가,https://cdn.cgv.co.kr/cgvpomsfilm/Movie/Thumbnail/Poster/030001/30001324/30001324_320.jpg,2026-08-16 21:12:06,https://cgv.co.kr/cnm/cgvChart/movieChart?tabParam=144
55,빈집의 연인들,76%,"1,259",개봉,,15세 관람가,https://cdn.cgv.co.kr/cgvpomsfilm/Movie/Thumbnail/Poster/030001/30001351/30001351_320.jpg,2026-08-16 21:12:06,https://cgv.co.kr/cnm/cgvChart/movieChart?tabParam=144
56,사무라이 타임슬리퍼,92%,"3,122",개봉,,12세 관람가,https://cdn.cgv.co.kr/cgvpomsfilm/Movie/Thumbnail/Poster/030001/30001225/30001225_320.jpg,2026-08-16 21:12:06,https://cgv.co.kr/cnm/cgvChart/movieChart?tabParam=144
57,산산조각,,,개봉예정,2026-08-26,전체 관람가,https://cdn.cgv.co.kr/cgvpomsfilm/Movie/Thumbnail/Poster/030001/30001401/30001401_320.jpg,2026-08-16 21:12:06,https://cgv.co.kr/cnm/cgvChart/movieChart?tabParam=144
58,산양들,93%,"6,010",개봉,,12세 관람가,https://cdn.cgv.co.kr/cgvpomsfilm/Movie/Thumbnail/Poster/030001/30001313/30001313_320.jpg,2026-08-16 21:12:06,https://cgv.co.kr/cnm/cgvChart/movieChart?tabParam=144
59,소영의 노력,93%,"2,183",개봉,,전체 관람가,https://cdn.cgv.co.kr/cgvpomsfilm/Movie/Thumbnail/Poster/030000/30000188/30000188_320.jpg,2026-08-16 21:12:06,https://cgv.co.kr/cnm/cgvChart/movieChart?tabParam=144
60,싱 어게인,,,개봉예정,2026-09-02,15세 관람가,https://cdn.cgv.co.kr/cgvpomsfilm/Movie/Thumbnail/Poster/030001/30001369/30001369_320.jpg,2026-08-16 21:12:06,https://cgv.co.kr/cnm/cgvChart/movieChart?tabParam=144
61,어느 파리 택배기사의 48시간,99%,"6,543",개봉,,12세 관람가,https://cdn.cgv.co.kr/cgvpomsfilm/Movie/Thumbnail/Poster/030001/30001217/30001217_320.jpg,2026-08-16 21:12:06,https://cgv.co.kr/cnm/cgvChart/movieChart?tabParam=144
62,오크 스트리트의 마지막 날,,,개봉예정,2026-08-26,12세 관람가,https://cdn.cgv.co.kr/cgvpomsfilm/Movie/Thumbnail/Poster/030001/30001389/30001389_320.jpg,2026-08-16 21:12:06,https://cgv.co.kr/cnm/cgvChart/movieChart?tabParam=144
63,지난 여름,85%,"1,650",개봉,,12세 관람가,https://cdn.cgv.co.kr/cgvpomsfilm/Movie/Thumbnail/Poster/030001/30001356/30001356_320.jpg,2026-08-16 21:12:06,https://cgv.co.kr/cnm/cgvChart/movieChart?tabParam=144
64,지느러미,67%,"8,732",개봉,,15세 관람가,https://cdn.cgv.co.kr/cgvpomsfilm/Movie/Thumbnail/Poster/030001/30001303/30001303_320.jpg,2026-08-16 21:12:06,https://cgv.co.kr/cnm/cgvChart/movieChart?tabParam=144
65,청년 조용기,,,개봉예정,2026-09-11,전체 관람가,https://cdn.cgv.co.kr/cgvpomsfilm/Movie/Thumbnail/Poster/030001/30001333/30001333_320.jpg,2026-08-16 21:12:06,https://cgv.co.kr/cnm/cgvChart/movieChart?tabParam=144
66,키스 미 어게인,,,재개봉,2026-08-19,청소년 관람불가,https://cdn.cgv.co.kr/cgvpomsfilm/Movie/Thumbnail/Poster/000078/78335/78335_320.jpg,2026-08-16 21:12:06,https://cgv.co.kr/cnm/cgvChart/movieChart?tabParam=144
67,파리의 사생활,92%,"9,440",개봉,,15세 관람가,https://cdn.cgv.co.kr/cgvpomsfilm/Movie/Thumbnail/Poster/030001/30001275/30001275_320.jpg,2026-08-16 21:12:06,https://cgv.co.kr/cnm/cgvChart/movieChart?tabParam=144
68,파뿌리24 - 좀비아일랜드,,,개봉예정,2026-08-22,15세 관람가,https://cdn.cgv.co.kr/cgvpomsfilm/Movie/Thumbnail/Poster/030001/30001302/30001302_320.png,2026-08-16 21:12:06,https://cgv.co.kr/cnm/cgvChart/movieChart?tabParam=144
